id,name,model_id:id,group_id:id,perm_read,perm_write,perm_create,perm_unlink
access_bankinplay_mass_company_wizard,bankinplay_mass_company_wizard,model_bankinplay_mass_company_wizard,account.group_account_manager,1,1,1,1
access_bankinplay_mass_company_wizard_line,bankinplay_mass_company_wizard_line,model_bankinplay_mass_company_wizard_line,account.group_account_manager,1,1,1,1
access_bankinplay_actions_wizard,bankinplay_actions_wizard,model_bankinplay_actions_wizard,account.group_account_manager,1,1,1,1
access_bankinplay_conciliation_movement,bankinplay.conciliation.movement,model_bankinplay_conciliation_movement,account.group_account_user,1,1,1,1
access_bankinplay_conciliation_document,bankinplay.conciliation.document,model_bankinplay_conciliation_document,account.group_account_user,1,1,1,1
access_bankinplay_conciliation_attempt,bankinplay.conciliation.attempt,model_bankinplay_conciliation_attempt,account.group_account_user,1,1,1,1
access_bankinplay_accounting_entry,bankinplay.accounting.entry,model_bankinplay_accounting_entry,account.group_account_user,1,1,1,1
access_bankinplay_accounting_entry_line,bankinplay.accounting.entry.line,model_bankinplay_accounting_entry_line,account.group_account_user,1,1,1,1
access_bankinplay_accounting_entry_attempt,bankinplay.accounting.entry.attempt,model_bankinplay_accounting_entry_attempt,account.group_account_user,1,1,1,1
